results_for_player_key,event_key,event_date,event_time,event_first_player,first_player_key,event_second_player,second_player_key,event_final_result,event_game_result,event_serve,event_winner,event_status,event_type_type,tournament_name,tournament_key,tournament_round,tournament_season,event_live,event_qualification,event_first_player_logo,event_second_player_logo,download_time
,12099841,2026-02-02,10:00,E. R. Bertea,67747,K. Juvan,519,-,-,,,1,Wta Singles,WTA Cluj-Napoca,4407,WTA Cluj-Napoca - 1/16-finals,2026,0,False,,https://api.api-tennis.com/logo-tennis/519_k-juvan.jpg,2026-02-01 15:47:17
,12099842,2026-02-02,10:00,M. Bulgaru,173,O. Danilovic,494,-,-,,,1,Wta Singles,WTA Cluj-Napoca,4407,WTA Cluj-Napoca - 1/16-finals,2026,0,False,https://api.api-tennis.com/logo-tennis/173_m-bulgaru.jpg,https://api.api-tennis.com/logo-tennis/494_o-danilovic.jpg,2026-02-01 15:47:17
,12099843,2026-02-02,10:00,C. Osorio,2390,J. Cristian,33659,-,-,,,1,Wta Singles,WTA Cluj-Napoca,4407,WTA Cluj-Napoca - 1/16-finals,2026,0,False,https://api.api-tennis.com/logo-tennis/2390_m-c-osorio-serrano.jpg,https://api.api-tennis.com/logo-tennis/33659_j-cristian.jpg,2026-02-01 15:47:17
,12099844,2026-02-02,10:00,Ka. Pliskova,517,A. Zakharova,1794,-,-,,,1,Wta Singles,WTA Cluj-Napoca,4407,WTA Cluj-Napoca - 1/16-finals,2026,0,False,https://api.api-tennis.com/logo-tennis/517_ka-pliskova.jpg,https://api.api-tennis.com/logo-tennis/1794_a-zakharova.jpg,2026-02-01 15:47:17
,12099845,2026-02-02,10:00,A. Potapova,457,L. Bronzetti,516,-,-,,,1,Wta Singles,WTA Cluj-Napoca,4407,WTA Cluj-Napoca - 1/16-finals,2026,0,False,https://api.api-tennis.com/logo-tennis/457_a-potapova.jpg,https://api.api-tennis.com/logo-tennis/516_l-bronzetti.jpg,2026-02-01 15:47:17
,12099846,2026-02-02,10:00,E. Raducanu,2996,G. Minnen,2191,-,-,,,1,Wta Singles,WTA Cluj-Napoca,4407,WTA Cluj-Napoca - 1/16-finals,2026,0,False,https://api.api-tennis.com/logo-tennis/2996_e-raducanu.jpg,https://api.api-tennis.com/logo-tennis/2191_g-minnen.jpg,2026-02-01 15:47:17
,12099847,2026-02-02,10:00,K. Rakhimova,1140,S. Cirstea,1150,-,-,,,1,Wta Singles,WTA Cluj-Napoca,4407,WTA Cluj-Napoca - 1/16-finals,2026,0,False,https://api.api-tennis.com/logo-tennis/1140_k-rakhimova.jpg,https://api.api-tennis.com/logo-tennis/1150_s-cirstea.jpg,2026-02-01 15:47:17
,12099848,2026-02-02,10:00,G. Ruse,1151,R. Masarova,1132,-,-,,,1,Wta Singles,WTA Cluj-Napoca,4407,WTA Cluj-Napoca - 1/16-finals,2026,0,False,https://api.api-tennis.com/logo-tennis/1151_g-ruse.jpg,https://api.api-tennis.com/logo-tennis/1132_r-masarova.jpg,2026-02-01 15:47:17
,12099853,2026-02-02,10:00,Cho I-/Cho,34650,Rakhimova/ Sorribes Tormo,78770,-,-,,,1,Wta Doubles,WTA Cluj-Napoca,4409,WTA Cluj-Napoca - 1/8-finals,2026,0,False,,,2026-02-01 15:47:17
,12099856,2026-02-02,10:00,Chwalinska/ Juvan,95482,Bondar/ Minnen,26236,-,-,,,1,Wta Doubles,WTA Cluj-Napoca,4409,WTA Cluj-Napoca - 1/8-finals,2026,0,False,,,2026-02-01 15:47:17
,12099857,2026-02-02,10:00,Eikeri/ Kempen,95483,Wang/ Zheng,7367,-,-,,,1,Wta Doubles,WTA Cluj-Napoca,4409,WTA Cluj-Napoca - 1/8-finals,2026,0,False,,,2026-02-01 15:47:17
,12099858,2026-02-02,10:00,Jakupovic/ Radisic,50527,Kozyreva/ Shymanovich,79102,-,-,,,1,Wta Doubles,WTA Cluj-Napoca,4409,WTA Cluj-Napoca - 1/8-finals,2026,0,False,,,2026-02-01 15:47:17
,12099859,2026-02-02,10:00,Bertea/ Szabo,95484,Chong/ Liang,26550,-,-,,,1,Wta Doubles,WTA Cluj-Napoca,4409,WTA Cluj-Napoca - 1/8-finals,2026,0,False,,,2026-02-01 15:47:17
,12099860,2026-02-02,10:00,Tang/ Yuan,59419,Cristian/ Ruse,34455,-,-,,,1,Wta Doubles,WTA Cluj-Napoca,4409,WTA Cluj-Napoca - 1/8-finals,2026,0,False,,,2026-02-01 15:47:17
,12099861,2026-02-02,10:00,Corley/ Corley,19717,Cavalle-Reimers/ Moratelli,79226,-,-,,,1,Wta Doubles,WTA Ostrava,3649,WTA Ostrava - 1/8-finals,2026,0,False,,,2026-02-01 15:47:17
,12099862,2026-02-02,10:00,Friedsam A-/Golubic,95485,Haverlag/ Lumsden,82933,-,-,,,1,Wta Doubles,WTA Ostrava,3649,WTA Ostrava - 1/8-finals,2026,0,False,,,2026-02-01 15:47:17
,12099863,2026-02-02,10:00,Galfi/ Kubka,95486,Brooks/ Feng,95487,-,-,,,1,Wta Doubles,WTA Ostrava,3649,WTA Ostrava - 1/8-finals,2026,0,False,,,2026-02-01 15:47:17
,12099864,2026-02-02,10:00,Blinkova/ Maleckova,95488,Gleason/ Siskova,95489,-,-,,,1,Wta Doubles,WTA Ostrava,3649,WTA Ostrava - 1/8-finals,2026,0,False,,,2026-02-01 15:47:17
,12099866,2026-02-02,10:00,Detiuc/ Santamaria,76026,Pigossi/ Vidmanova,95491,-,-,,,1,Wta Doubles,WTA Ostrava,3649,WTA Ostrava - 1/8-finals,2026,0,False,,,2026-02-01 15:47:17
,12099868,2026-02-02,10:00,Arango/ Udvardy,89557,Barnett/ Lechemia,76615,-,-,,,1,Wta Doubles,WTA Ostrava,3649,WTA Ostrava - 1/8-finals,2026,0,False,,,2026-02-01 15:47:17
,12099916,2026-02-02,05:30,M. Bouzige,7912,T. Schoolkate,1183,-,-,,,1,Challenger Men Singles,Brisbane,12207,Brisbane - 1/16-finals,2025,0,False,https://api.api-tennis.com/logo-tennis/7912_m-bouzige.jpg,https://api.api-tennis.com/logo-tennis/1183_t-schoolkate.jpg,2026-02-01 15:47:17
,12099917,2026-02-02,06:00,Ja. Delaney,7078,T. Daniel,2406,-,-,,,1,Challenger Men Singles,Brisbane,12207,Brisbane - 1/16-finals,2025,0,False,https://api.api-tennis.com/logo-tennis/7078_ja-delaney.jpg,https://api.api-tennis.com/logo-tennis/2406_t-daniel.jpg,2026-02-01 15:47:17
,12099920,2026-02-02,04:00,H. Moriya,3202,Y. Uchiyama,884,-,-,,,1,Challenger Men Singles,Brisbane,12207,Brisbane - 1/16-finals,2025,0,False,https://api.api-tennis.com/logo-tennis/3202_h-moriya.jpg,https://api.api-tennis.com/logo-tennis/884_y-uchiyama.jpg,2026-02-01 15:47:17
,12099922,2026-02-02,04:00,R. Sakamoto,37897,P. Sekulic,3316,-,-,,,1,Challenger Men Singles,Brisbane,12207,Brisbane - 1/16-finals,2025,0,False,https://api.api-tennis.com/logo-tennis/37897_r-sakamoto.jpg,https://api.api-tennis.com/logo-tennis/3316_p-sekulic.jpg,2026-02-01 15:47:17
,12099923,2026-02-02,04:00,Y. Shimizu,2100,R. Tokuda,5212,-,-,,,1,Challenger Men Singles,Brisbane,12207,Brisbane - 1/16-finals,2025,0,False,https://api.api-tennis.com/logo-tennis/2100_y-shimizu.jpg,https://api.api-tennis.com/logo-tennis/5212_r-tokuda.jpg,2026-02-01 15:47:17
,12099938,2026-02-02,10:00,N. Basilashvili,424,L. Nardi,386,-,-,,,1,Atp Singles,Montpellier,1844,ATP Montpellier - 1/16-finals,2025,0,False,https://api.api-tennis.com/logo-tennis/424_n-basilashvili.jpg,https://api.api-tennis.com/logo-tennis/386_l-nardi.jpg,2026-02-01 15:47:17
,12099939,2026-02-02,10:00,R. Bautista-Agut,2734,C. O'Connell,421,-,-,,,1,Atp Singles,Montpellier,1844,ATP Montpellier - 1/16-finals,2025,0,False,https://api.api-tennis.com/logo-tennis/2734_r-bautista-agut.jpg,https://api.api-tennis.com/logo-tennis/421_c-oaposconnell.jpg,2026-02-01 15:47:17
,12099940,2026-02-02,10:00,A. Gea,9210,G. Mpetshi Perricard,9222,-,-,,,1,Atp Singles,Montpellier,1844,ATP Montpellier - 1/16-finals,2025,0,False,https://api.api-tennis.com/logo-tennis/9210_a-gea.jpg,https://api.api-tennis.com/logo-tennis/9222_g-mpetshi-perricard.jpg,2026-02-01 15:47:17
,12099941,2026-02-02,10:00,U. Humbert,1105,B. Van De Zandschulp,2972,-,-,,,1,Atp Singles,Montpellier,1844,ATP Montpellier - 1/16-finals,2025,0,False,https://api.api-tennis.com/logo-tennis/1105_u-humbert.jpg,https://api.api-tennis.com/logo-tennis/2972_b-van-de-zandschulp.jpg,2026-02-01 15:47:17
,12099942,2026-02-02,10:00,M. Kecmanovic,2848,P. Carreno-Busta,434,-,-,,,1,Atp Singles,Montpellier,1844,ATP Montpellier - 1/16-finals,2025,0,False,https://api.api-tennis.com/logo-tennis/2848_m-kecmanovic.jpg,https://api.api-tennis.com/logo-tennis/434_p-carreno-busta.jpg,2026-02-01 15:47:17
,12099943,2026-02-02,10:00,P. Martinez,1775,A. Mannarino,438,-,-,,,1,Atp Singles,Montpellier,1844,ATP Montpellier - 1/16-finals,2025,0,False,https://api.api-tennis.com/logo-tennis/1775_p-martinez.jpg,https://api.api-tennis.com/logo-tennis/438_a-mannarino.jpg,2026-02-01 15:47:17
,12099944,2026-02-02,10:00,M. McDonald,2839,A. Kovacevic,2978,-,-,,,1,Atp Singles,Montpellier,1844,ATP Montpellier - 1/16-finals,2025,0,False,https://api.api-tennis.com/logo-tennis/2839_m-mcdonald.jpg,https://api.api-tennis.com/logo-tennis/2978_a-kovacevic.jpg,2026-02-01 15:47:17
,12099945,2026-02-02,10:00,H. Medjedovic,2677,S. Wawrinka,2168,-,-,,,1,Atp Singles,Montpellier,1844,ATP Montpellier - 1/16-finals,2025,0,False,https://api.api-tennis.com/logo-tennis/2677_h-medjedovic.jpg,https://api.api-tennis.com/logo-tennis/2168_s-wawrinka.jpg,2026-02-01 15:47:17
,12099946,2026-02-02,10:00,V. Royer,954,A. Fils,1759,-,-,,,1,Atp Singles,Montpellier,1844,ATP Montpellier - 1/16-finals,2025,0,False,https://api.api-tennis.com/logo-tennis/954_v-royer.jpg,https://api.api-tennis.com/logo-tennis/1759_a-fils.jpg,2026-02-01 15:47:17
,12099947,2026-02-02,08:00,P. Badosa,2178,J. Bouzas Maneiro,154,-,-,,,Cancelled,Wta Singles,WTA Abu Dhabi,3872,WTA Abu Dhabi - 1/16-finals,2026,0,False,https://api.api-tennis.com/logo-tennis/2178_p-badosa.jpg,https://api.api-tennis.com/logo-tennis/154_j-bouzas-maneiro.jpg,2026-02-01 15:47:17
,12099948,2026-02-02,15:30,A. Eala,3490,Z. Sonmez,4062,-,-,,,1,Wta Singles,WTA Abu Dhabi,3872,WTA Abu Dhabi - 1/16-finals,2026,0,False,https://api.api-tennis.com/logo-tennis/3490_a-eala.jpg,https://api.api-tennis.com/logo-tennis/4062_z-sonmez.jpg,2026-02-01 15:47:17
,12099949,2026-02-02,09:30,J. Tjen,28551,M. Joint,52689,-,-,,,1,Wta Singles,WTA Abu Dhabi,3872,WTA Abu Dhabi - 1/16-finals,2026,0,False,https://api.api-tennis.com/logo-tennis/28551_j-tjen.jpg,https://api.api-tennis.com/logo-tennis/52689_m-joint.jpg,2026-02-01 15:47:17
,12099950,2026-02-02,11:00,D. Yastremska,2813,B. Haddad Maia,1951,-,-,,,1,Wta Singles,WTA Abu Dhabi,3872,WTA Abu Dhabi - 1/16-finals,2026,0,False,https://api.api-tennis.com/logo-tennis/2813_d-yastremska.jpg,https://api.api-tennis.com/logo-tennis/1951_b-haddad-maia.jpg,2026-02-01 15:47:17
,12099952,2026-02-02,10:00,N. Bartunkova,9196,A. Blinkova,1779,-,-,,,1,Wta Singles,WTA Ostrava,3646,WTA Ostrava - 1/16-finals,2026,0,False,https://api.api-tennis.com/logo-tennis/9196_n-bartunkova.jpg,https://api.api-tennis.com/logo-tennis/1779_a-blinkova.jpg,2026-02-01 15:47:17
,12099954,2026-02-02,10:00,L. Havlickova,8975,K. Boulter,2993,-,-,,,1,Wta Singles,WTA Ostrava,3646,WTA Ostrava - 1/16-finals,2026,0,False,https://api.api-tennis.com/logo-tennis/8975_l-havlickova.jpg,https://api.api-tennis.com/logo-tennis/2993_k-boulter.jpg,2026-02-01 15:47:17
,12099956,2026-02-02,10:00,S. Kraus,1424,V. Golubic,525,-,-,,,1,Wta Singles,WTA Ostrava,3646,WTA Ostrava - 1/16-finals,2026,0,False,https://api.api-tennis.com/logo-tennis/1424_s-kraus.jpg,https://api.api-tennis.com/logo-tennis/525_v-golubic.jpg,2026-02-01 15:47:17
,12099958,2026-02-02,10:00,A. Parks,1792,J. Grabher,489,-,-,,,1,Wta Singles,WTA Ostrava,3646,WTA Ostrava - 1/16-finals,2026,0,False,https://api.api-tennis.com/logo-tennis/1792_a-parks.jpg,https://api.api-tennis.com/logo-tennis/489_j-grabher.jpg,2026-02-01 15:47:17
,12099959,2026-02-02,10:00,D. Parry,1833,O. Dodin,523,-,-,,,1,Wta Singles,WTA Ostrava,3646,WTA Ostrava - 1/16-finals,2026,0,False,https://api.api-tennis.com/logo-tennis/1833_d-parry.jpg,https://api.api-tennis.com/logo-tennis/523_o-dodin.jpg,2026-02-01 15:47:17
,12099962,2026-02-02,07:30,M. Hontama,1787,A. Ibragimova,51378,-,-,,,1,Challenger Women Singles,Mumbai,2797,Mumbai - 1/16-finals,2026,0,False,https://api.api-tennis.com/logo-tennis/1787_m-hontama.jpg,https://api.api-tennis.com/logo-tennis/51378_a-ibragimova.jpg,2026-02-01 15:47:17
,12099963,2026-02-02,10:30,P. Iatcenko,9264,M. Yamaguchi,98,-,-,,,1,Challenger Women Singles,Mumbai,2797,Mumbai - 1/16-finals,2026,0,False,https://api.api-tennis.com/logo-tennis/9264_p-iatcenko.jpg,https://api.api-tennis.com/logo-tennis/98_m-yamaguchi.jpg,2026-02-01 15:47:17
,12099964,2026-02-02,13:30,L. Jeanjean,9118,V. Chaudhari,13982,-,-,,,1,Challenger Women Singles,Mumbai,2797,Mumbai - 1/16-finals,2026,0,False,https://api.api-tennis.com/logo-tennis/9118_l-jeanjean.jpg,https://api.api-tennis.com/logo-tennis/13982_v-chaudhari.jpg,2026-02-01 15:47:17
,12099969,2026-02-02,09:00,M. Sawangkaew,12716,V. Morvayova,72,-,-,,,1,Challenger Women Singles,Mumbai,2797,Mumbai - 1/16-finals,2026,0,False,https://api.api-tennis.com/logo-tennis/12716_m-sawangkaew.jpg,https://api.api-tennis.com/logo-tennis/72_v-morvayova.jpg,2026-02-01 15:47:17
,12100057,2026-02-02,10:00,R. Albot,363,C. Vandermeersch,11809,-,-,,,1,Challenger Men - Singles," Cesenatico (Italy), Hard (Indoor)",0,,,0,,https://api.api-tennis.com/logo-tennis/363_r-albot.jpg,https://api.api-tennis.com/logo-tennis/11809_c-vandermeersch.jpg,2026-02-01 15:47:17
,12100058,2026-02-02,10:00,R. Brancaccio,1873,C. Hemery,1206,-,-,,,1,Challenger Men - Singles," Cesenatico (Italy), Hard (Indoor)",0,,,0,,https://api.api-tennis.com/logo-tennis/1873_r-brancaccio.jpg,https://api.api-tennis.com/logo-tennis/1206_c-hemery.jpg,2026-02-01 15:47:17
,12100059,2026-02-02,10:00,C. Broom,745,S. Napolitano,3915,-,-,,,1,Challenger Men - Singles," Cesenatico (Italy), Hard (Indoor)",0,,,0,,https://api.api-tennis.com/logo-tennis/745_c-broom.jpg,https://api.api-tennis.com/logo-tennis/3915_s-napolitano.jpg,2026-02-01 15:47:17
,12100060,2026-02-02,10:00,G. Ferrari,658,P. Brunclik,38921,-,-,,,1,Challenger Men - Singles," Cesenatico (Italy), Hard (Indoor)",0,,,0,,https://api.api-tennis.com/logo-tennis/658_g-ferrari.jpg,https://api.api-tennis.com/logo-tennis/38921_p-brunclik.jpg,2026-02-01 15:47:17
,12100061,2026-02-02,10:00,G. Fonio,1855,S. Gulin,13386,-,-,,,1,Challenger Men - Singles," Cesenatico (Italy), Hard (Indoor)",0,,,0,,https://api.api-tennis.com/logo-tennis/1855_g-fonio.jpg,https://api.api-tennis.com/logo-tennis/13386_s-gulin.jpg,2026-02-01 15:47:17
,12100062,2026-02-02,10:00,F. Forti,1191,P. Basile,69812,-,-,,,1,Challenger Men - Singles," Cesenatico (Italy), Hard (Indoor)",0,,,0,,https://api.api-tennis.com/logo-tennis/1191_f-forti.jpg,https://api.api-tennis.com/logo-tennis/69812_p-basile.jpg,2026-02-01 15:47:17
,12100063,2026-02-02,10:00,I. Gakhov,574,F. Arnaboldi,1240,-,-,,,1,Challenger Men - Singles," Cesenatico (Italy), Hard (Indoor)",0,,,0,,https://api.api-tennis.com/logo-tennis/574_i-gakhov.jpg,https://api.api-tennis.com/logo-tennis/1240_f-arnaboldi.jpg,2026-02-01 15:47:17
,12100064,2026-02-02,10:00,S. Kopp,848,P. O. Fellin,8649,-,-,,,1,Challenger Men - Singles," Cesenatico (Italy), Hard (Indoor)",0,,,0,,https://api.api-tennis.com/logo-tennis/848_s-kopp.jpg,,2026-02-01 15:47:17
,12100065,2026-02-02,10:00,L. Lokoli,1076,C. A. Caniato,24283,-,-,,,1,Challenger Men - Singles," Cesenatico (Italy), Hard (Indoor)",0,,,0,,https://api.api-tennis.com/logo-tennis/1076_l-lokoli.jpg,https://api.api-tennis.com/logo-tennis/24283_c-a-caniato.jpg,2026-02-01 15:47:17
,12100066,2026-02-02,10:00,A. Martinez,7101,F. Romano,39002,-,-,,,1,Challenger Men - Singles," Cesenatico (Italy), Hard (Indoor)",0,,,0,,https://api.api-tennis.com/logo-tennis/7101_a-martinez.jpg,https://api.api-tennis.com/logo-tennis/39002_f-romano.jpg,2026-02-01 15:47:17
,12100067,2026-02-02,10:00,O. Prihodko,8733,F. Bondioli,37892,-,-,,,1,Challenger Men - Singles," Cesenatico (Italy), Hard (Indoor)",0,,,0,,https://api.api-tennis.com/logo-tennis/8733_o-prihodko.jpg,https://api.api-tennis.com/logo-tennis/37892_f-bondioli.jpg,2026-02-01 15:47:17
,12100068,2026-02-02,10:00,A. Barroso Campos,1266,P. Kotov,415,-,-,,,1,Challenger Men Singles,Koblenz,2701,Koblenz - 1/16-finals,2025,0,False,https://api.api-tennis.com/logo-tennis/1266_a-barroso-campos.jpg,https://api.api-tennis.com/logo-tennis/415_p-kotov.jpg,2026-02-01 15:47:17
,12100069,2026-02-02,10:00,F. Broska,15199,J. Monday,10071,-,-,,,1,Challenger Men Singles,Koblenz,2701,Koblenz - 1/16-finals,2025,0,False,https://api.api-tennis.com/logo-tennis/15199_f-broska.jpg,https://api.api-tennis.com/logo-tennis/10071_j-monday.jpg,2026-02-01 15:47:17
,12100070,2026-02-02,10:00,M. Geerts,587,Ch. Negritu,5971,-,-,,,1,Challenger Men Singles,Koblenz,2701,Koblenz - 1/16-finals,2025,0,False,https://api.api-tennis.com/logo-tennis/587_m-geerts.jpg,https://api.api-tennis.com/logo-tennis/5971_ch-negritu.jpg,2026-02-01 15:47:17
,12100071,2026-02-02,10:00,T. Gentzsch,2501,D. Dedura,55858,-,-,,,1,Challenger Men Singles,Koblenz,2701,Koblenz - 1/16-finals,2025,0,False,https://api.api-tennis.com/logo-tennis/2501_t-gentzsch.jpg,https://api.api-tennis.com/logo-tennis/55858_d-dedura-palomero.jpg,2026-02-01 15:47:17
,12100072,2026-02-02,10:00,Z. Kolar,384,C. Sanchez Jover,584,-,-,,,1,Challenger Men Singles,Koblenz,2701,Koblenz - 1/16-finals,2025,0,False,https://api.api-tennis.com/logo-tennis/384_z-kolar.jpg,https://api.api-tennis.com/logo-tennis/584_c-sanchez-jover.jpg,2026-02-01 15:47:17
,12100073,2026-02-02,10:00,M. Malige,53274,T. Colson,961,-,-,,,1,Challenger Men Singles,Koblenz,2701,Koblenz - 1/16-finals,2025,0,False,https://api.api-tennis.com/logo-tennis/53274_m-malige.jpg,https://api.api-tennis.com/logo-tennis/961_t-colson.jpg,2026-02-01 15:47:17
,12100074,2026-02-02,10:00,D. Masur,411,D. Added,1854,-,-,,,1,Challenger Men Singles,Koblenz,2701,Koblenz - 1/16-finals,2025,0,False,https://api.api-tennis.com/logo-tennis/411_d-masur.jpg,https://api.api-tennis.com/logo-tennis/1854_d-added.jpg,2026-02-01 15:47:17
,12100075,2026-02-02,10:00,R. Molleker,893,M. Moeller,7349,-,-,,,1,Challenger Men Singles,Koblenz,2701,Koblenz - 1/16-finals,2025,0,False,https://api.api-tennis.com/logo-tennis/893_r-molleker.jpg,https://api.api-tennis.com/logo-tennis/7349_m-moeller.jpg,2026-02-01 15:47:17
,12100076,2026-02-02,10:00,M. Rosenkranz,1850,P. Zahraj,5791,-,-,,,1,Challenger Men Singles,Koblenz,2701,Koblenz - 1/16-finals,2025,0,False,https://api.api-tennis.com/logo-tennis/1850_m-rosenkranz.jpg,https://api.api-tennis.com/logo-tennis/5791_p-zahraj.jpg,2026-02-01 15:47:17
,12100077,2026-02-02,10:00,V. Ursu,7269,J. Forejtek,2086,-,-,,,1,Challenger Men Singles,Koblenz,2701,Koblenz - 1/16-finals,2025,0,False,https://api.api-tennis.com/logo-tennis/7269_v-ursu.jpg,https://api.api-tennis.com/logo-tennis/2086_j-forejtek.jpg,2026-02-01 15:47:17
,12100078,2026-02-02,10:00,M. Wiskandt,9110,N. McDonald,73846,-,-,,,1,Challenger Men Singles,Koblenz,2701,Koblenz - 1/16-finals,2025,0,False,https://api.api-tennis.com/logo-tennis/9110_m-wiskandt.jpg,,2026-02-01 15:47:17
,12100079,2026-02-02,11:00,J. Berrettini,6984,A. Shelbayh,9219,-,-,,,1,Challenger Men Singles,Tenerife,2882,Tenerife - 1/16-finals,2025,0,False,https://api.api-tennis.com/logo-tennis/6984_j-berrettini.jpg,https://api.api-tennis.com/logo-tennis/9219_a-shelbayh.jpg,2026-02-01 15:47:17
,12100080,2026-02-02,11:00,H. S. Callejon,50705,P. Martin Tiffon,1338,-,-,,,1,Challenger Men Singles,Tenerife,2882,Tenerife - 1/16-finals,2025,0,False,,https://api.api-tennis.com/logo-tennis/1338_p-martin-tiffon.jpg,2026-02-01 15:47:17
,12100081,2026-02-02,11:00,S. Fomin,570,S. Travaglia,2672,-,-,,,1,Challenger Men Singles,Tenerife,2882,Tenerife - 1/16-finals,2025,0,False,https://api.api-tennis.com/logo-tennis/570_s-fomin.jpg,https://api.api-tennis.com/logo-tennis/2672_s-travaglia.jpg,2026-02-01 15:47:17
,12100082,2026-02-02,11:00,M. Huesler,1746,D. Rincon,657,-,-,,,1,Challenger Men Singles,Tenerife,2882,Tenerife - 1/16-finals,2025,0,False,https://api.api-tennis.com/logo-tennis/1746_m-huesler.jpg,https://api.api-tennis.com/logo-tennis/657_d-rincon.jpg,2026-02-01 15:47:17
,12100083,2026-02-02,11:00,A. Kachmazov,1197,G. Piraino,1245,-,-,,,1,Challenger Men Singles,Tenerife,2882,Tenerife - 1/16-finals,2025,0,False,https://api.api-tennis.com/logo-tennis/1197_a-kachmazov.jpg,https://api.api-tennis.com/logo-tennis/1245_g-piraino.jpg,2026-02-01 15:47:17
,12100084,2026-02-02,11:00,F. Maestrelli,1180,M. Erhard,668,-,-,,,1,Challenger Men Singles,Tenerife,2882,Tenerife - 1/16-finals,2025,0,False,https://api.api-tennis.com/logo-tennis/1180_f-maestrelli.jpg,https://api.api-tennis.com/logo-tennis/668_m-erhard.jpg,2026-02-01 15:47:17
,12100085,2026-02-02,11:00,M. Mmoh,439,M. Kukushkin,2970,-,-,,,1,Challenger Men Singles,Tenerife,2882,Tenerife - 1/16-finals,2025,0,False,https://api.api-tennis.com/logo-tennis/439_m-mmoh.jpg,https://api.api-tennis.com/logo-tennis/2970_m-kukushkin.jpg,2026-02-01 15:47:17
,12100086,2026-02-02,11:00,G. Onclin,818,G. Loffhagen,7006,-,-,,,1,Challenger Men Singles,Tenerife,2882,Tenerife - 1/16-finals,2025,0,False,https://api.api-tennis.com/logo-tennis/818_g-onclin.jpg,https://api.api-tennis.com/logo-tennis/7006_g-loffhagen.jpg,2026-02-01 15:47:17
,12100087,2026-02-02,11:00,T. Samuel,15184,D. Merida Aguilar,978,-,-,,,1,Challenger Men Singles,Tenerife,2882,Tenerife - 1/16-finals,2025,0,False,https://api.api-tennis.com/logo-tennis/15184_t-samuel.jpg,https://api.api-tennis.com/logo-tennis/978_d-merida-aguilar.jpg,2026-02-01 15:47:17
,12100088,2026-02-02,11:00,B. Willwerth,73862,P. Llamas Ruiz,987,-,-,,,1,Challenger Men Singles,Tenerife,2882,Tenerife - 1/16-finals,2025,0,False,https://api.api-tennis.com/logo-tennis/73862_b-willwerth.jpg,https://api.api-tennis.com/logo-tennis/987_p-llamas-ruiz.jpg,2026-02-01 15:47:17
,12100097,2026-02-02,13:30,Alexandrova/ Joint,95523,Kostovic/ Yastremska,95524,-,-,,,1,Wta Doubles,Abu Dhabi,8550,WTA Abu Dhabi - 1/8-finals,2025,0,False,,,2026-02-01 15:47:17
,12100101,2026-02-02,09:30,Jurak Schreiber/ Piter,95528,Mihalikova/ Nicholls,69174,-,-,,,1,Wta Doubles,Abu Dhabi,8550,WTA Abu Dhabi - 1/8-finals,2025,0,False,,,2026-02-01 15:47:17
,12100103,2026-02-02,11:00,Perez/ Schuurs,94824,Aoyama/ Zvonareva,95529,-,-,,,1,Wta Doubles,Abu Dhabi,8550,WTA Abu Dhabi - 1/8-finals,2025,0,False,,,2026-02-01 15:47:17
,12100104,2026-02-02,11:00,Chan H-/Tauson,85278,Khromacheva/ Klepac,95530,-,-,,,1,Wta Doubles,Abu Dhabi,8550,WTA Abu Dhabi - 1/8-finals,2025,0,False,,,2026-02-01 15:47:17
,12100137,2026-02-02,14:00,F. Agamenone,373,H. Dellien,2980,-,-,,,1,Challenger Men Singles,Rosario,12221,Rosario - 1/16-finals,2025,0,False,https://api.api-tennis.com/logo-tennis/373_f-agamenone.jpg,https://api.api-tennis.com/logo-tennis/2980_h-dellien.jpg,2026-02-01 15:47:17
,12100138,2026-02-02,14:00,A. Barrena,1324,J. B. Torres,2085,-,-,,,1,Challenger Men Singles,Rosario,12221,Rosario - 1/16-finals,2025,0,False,https://api.api-tennis.com/logo-tennis/1324_a-barrena.jpg,https://api.api-tennis.com/logo-tennis/2085_j-b-torres.jpg,2026-02-01 15:47:17
,12100139,2026-02-02,14:00,P. Boscardin Dias,2003,M. Cecchinato,1095,-,-,,,1,Challenger Men Singles,Rosario,12221,Rosario - 1/16-finals,2025,0,False,https://api.api-tennis.com/logo-tennis/2003_p-boscardin-dias.jpg,https://api.api-tennis.com/logo-tennis/1095_m-cecchinato.jpg,2026-02-01 15:47:17
,12100140,2026-02-02,14:00,R. A. Burruchaga,9596,L. Midon,10018,-,-,,,1,Challenger Men Singles,Rosario,12221,Rosario - 1/16-finals,2025,0,False,https://api.api-tennis.com/logo-tennis/9596_r-a-burruchaga.jpg,https://api.api-tennis.com/logo-tennis/10018_l-midon.jpg,2026-02-01 15:47:17
,12100141,2026-02-02,14:00,J. M. Cerundolo,388,G. Villanueva,5181,-,-,,,1,Challenger Men Singles,Rosario,12221,Rosario - 1/16-finals,2025,0,False,https://api.api-tennis.com/logo-tennis/388_j-m-cerundolo.jpg,https://api.api-tennis.com/logo-tennis/5181_g-villanueva.jpg,2026-02-01 15:47:17
,12100142,2026-02-02,14:00,N. Kicker,1756,F. Comesana,2084,-,-,,,1,Challenger Men Singles,Rosario,12221,Rosario - 1/16-finals,2025,0,False,https://api.api-tennis.com/logo-tennis/1756_n-kicker.jpg,https://api.api-tennis.com/logo-tennis/2084_f-comesana.jpg,2026-02-01 15:47:17
,12100143,2026-02-02,14:00,F. Meligeni Alves,357,G. A. Olivieri,2407,-,-,,,1,Challenger Men Singles,Rosario,12221,Rosario - 1/16-finals,2025,0,False,https://api.api-tennis.com/logo-tennis/357_f-meligeni-alves.jpg,https://api.api-tennis.com/logo-tennis/2407_g-a-olivieri.jpg,2026-02-01 15:47:17
,12100144,2026-02-02,14:00,F. Mena,378,T. Monteiro,1074,-,-,,,1,Challenger Men Singles,Rosario,12221,Rosario - 1/16-finals,2025,0,False,https://api.api-tennis.com/logo-tennis/378_f-mena.jpg,https://api.api-tennis.com/logo-tennis/1074_t-monteiro.jpg,2026-02-01 15:47:17
,12100145,2026-02-02,14:00,N. Sanchez Izquierdo,591,A. Collarini,2189,-,-,,,1,Challenger Men Singles,Rosario,12221,Rosario - 1/16-finals,2025,0,False,https://api.api-tennis.com/logo-tennis/591_n-sanchez-izquierdo.jpg,https://api.api-tennis.com/logo-tennis/2189_a-collarini.jpg,2026-02-01 15:47:17
,12100146,2026-02-02,14:00,T. Seyboth Wild,1086,M. Navone,949,-,-,,,1,Challenger Men Singles,Rosario,12221,Rosario - 1/16-finals,2025,0,False,https://api.api-tennis.com/logo-tennis/1086_t-seyboth-wild.jpg,https://api.api-tennis.com/logo-tennis/949_m-navone.jpg,2026-02-01 15:47:17
,12100162,2026-02-02,01:00,S. Jones,4513,M. Hulme,37943,-,-,,,,Challenger Men Singles,Brisbane,12207,Brisbane - Final,2025,0,True,https://api.api-tennis.com/logo-tennis/4513_s-jones.jpg,https://api.api-tennis.com/logo-tennis/37943_m-hulme.jpg,2026-02-01 15:47:17
,12100163,2026-02-02,01:00,P. Marinkov,38851,N. Bilozertsev,64775,-,-,,,,Challenger Men Singles,Brisbane,12207,Brisbane - Final,2025,0,True,https://api.api-tennis.com/logo-tennis/38851_p-marinkov.jpg,https://api.api-tennis.com/logo-tennis/64775_n-bilozertsev.jpg,2026-02-01 15:47:17
,12100164,2026-02-02,01:00,S. Mitsui,22253,C. Sinclair,6752,-,-,,,,Challenger Men Singles,Brisbane,12207,Brisbane - Final,2025,0,True,,https://api.api-tennis.com/logo-tennis/6752_c-sinclair.jpg,2026-02-01 15:47:17
,12100165,2026-02-02,02:30,K. Isomura,9226,C. Ferguson,37866,-,-,,,1,Challenger Men Singles,Brisbane,12207,Brisbane - Final,2025,0,True,https://api.api-tennis.com/logo-tennis/9226_k-isomura.jpg,https://api.api-tennis.com/logo-tennis/37866_c-ferguson.jpg,2026-02-01 15:47:17
,12100166,2026-02-02,16:00,T. Boyer,9037,G. Johns,7637,-,-,,,1,Challenger Men Singles,Cleveland,3103,Cleveland - 1/16-finals,2025,0,False,https://api.api-tennis.com/logo-tennis/9037_t-boyer.jpg,https://api.api-tennis.com/logo-tennis/7637_g-johns.jpg,2026-02-01 15:47:17
,12100167,2026-02-02,16:00,A. Ghibaudo,9234,B. Tomic,3145,-,-,,,1,Challenger Men Singles,Cleveland,3103,Cleveland - 1/16-finals,2025,0,False,https://api.api-tennis.com/logo-tennis/9234_a-ghibaudo.jpg,https://api.api-tennis.com/logo-tennis/3145_b-tomic.jpg,2026-02-01 15:47:17
,12100168,2026-02-02,16:00,A. Ilagan,37936,A. Martin,1056,-,-,,,1,Challenger Men Singles,Cleveland,3103,Cleveland - 1/16-finals,2025,0,False,https://api.api-tennis.com/logo-tennis/37936_a-ilagan.jpg,https://api.api-tennis.com/logo-tennis/1056_a-martin.jpg,2026-02-01 15:47:17
,12100169,2026-02-02,16:00,J. Kennedy,68750,B. Gojo,377,-,-,,,1,Challenger Men Singles,Cleveland,3103,Cleveland - 1/16-finals,2025,0,False,https://api.api-tennis.com/logo-tennis/68750_j-kennedy.jpg,https://api.api-tennis.com/logo-tennis/377_b-gojo.jpg,2026-02-01 15:47:17
,12100170,2026-02-02,16:00,C. Kingsley,3710,C. Smith,54466,-,-,,,1,Challenger Men Singles,Cleveland,3103,Cleveland - 1/16-finals,2025,0,False,https://api.api-tennis.com/logo-tennis/3710_c-kingsley.jpg,https://api.api-tennis.com/logo-tennis/54466_c-smith.jpg,2026-02-01 15:47:17
,12100171,2026-02-02,16:00,S. Kozlov,1087,C. Stebe,387,-,-,,,1,Challenger Men Singles,Cleveland,3103,Cleveland - 1/16-finals,2025,0,False,https://api.api-tennis.com/logo-tennis/1087_s-kozlov.jpg,https://api.api-tennis.com/logo-tennis/387_c-stebe.jpg,2026-02-01 15:47:17
,12100172,2026-02-02,16:00,D. Milavsky,15277,K. Bigun,37898,-,-,,,1,Challenger Men Singles,Cleveland,3103,Cleveland - 1/16-finals,2025,0,False,https://api.api-tennis.com/logo-tennis/15277_d-milavsky.jpg,https://api.api-tennis.com/logo-tennis/37898_k-bigun.jpg,2026-02-01 15:47:17
,12100173,2026-02-02,16:00,R. Perot,53339,A. Thanos,749,-,-,,,1,Challenger Men Singles,Cleveland,3103,Cleveland - 1/16-finals,2025,0,False,https://api.api-tennis.com/logo-tennis/53339_r-perot.jpg,https://api.api-tennis.com/logo-tennis/749_a-thanos.jpg,2026-02-01 15:47:17
,12100174,2026-02-02,16:00,A. Rybakov,559,C. Langmo,2021,-,-,,,1,Challenger Men Singles,Cleveland,3103,Cleveland - 1/16-finals,2025,0,False,https://api.api-tennis.com/logo-tennis/559_a-rybakov.jpg,https://api.api-tennis.com/logo-tennis/2021_c-langmo.jpg,2026-02-01 15:47:17
,12100175,2026-02-02,16:00,S. Shimabukuro,9608,D. Martin,23350,-,-,,,1,Challenger Men Singles,Cleveland,3103,Cleveland - 1/16-finals,2025,0,False,https://api.api-tennis.com/logo-tennis/9608_s-shimabukuro.jpg,https://api.api-tennis.com/logo-tennis/23350_d-martin.jpg,2026-02-01 15:47:17
,12100176,2026-02-02,16:00,T. Zink,2214,K. Smith,6011,-,-,,,1,Challenger Men Singles,Cleveland,3103,Cleveland - 1/16-finals,2025,0,False,https://api.api-tennis.com/logo-tennis/2214_t-zink.jpg,https://api.api-tennis.com/logo-tennis/6011_k-smith.jpg,2026-02-01 15:47:17
,12100177,2026-02-02,02:30,Y. Mochizuki,10334,S. Hazawa,744,-,-,,,1,Challenger Men Singles,Brisbane,12207,Brisbane - Final,2025,0,True,https://api.api-tennis.com/logo-tennis/10334_y-mochizuki.jpg,https://api.api-tennis.com/logo-tennis/744_s-hazawa.jpg,2026-02-01 15:47:17
,12100178,2026-02-02,02:30,M. Imamura,10276,N. Nakagawa,4136,-,-,,,1,Challenger Men Singles,Brisbane,12207,Brisbane - Final,2025,0,True,https://api.api-tennis.com/logo-tennis/10276_m-imamura.jpg,https://api.api-tennis.com/logo-tennis/4136_n-nakagawa.jpg,2026-02-01 15:47:17
,12100182,2026-02-02,10:00,U. Blanchet,1903,T. Droguet,8926,-,-,,,1,Atp Singles,Montpellier,1844,,2025,0,,https://api.api-tennis.com/logo-tennis/1903_u-blanchet.jpg,https://api.api-tennis.com/logo-tennis/8926_t-droguet.jpg,2026-02-01 15:47:17
,12100183,2026-02-02,08:00,P. Badosa,2178,A. Sasnovich,527,-,-,,,1,Wta Singles,WTA Abu Dhabi,3872,,2026,0,,https://api.api-tennis.com/logo-tennis/2178_p-badosa.jpg,https://api.api-tennis.com/logo-tennis/527_a-sasnovich.jpg,2026-02-01 15:47:17
,12100184,2026-02-02,08:00,S. Kartal,1961,C. Bucsa,454,-,-,,,1,Wta Singles,WTA Abu Dhabi,3872,,2026,0,,https://api.api-tennis.com/logo-tennis/1961_s-kartal.jpg,https://api.api-tennis.com/logo-tennis/454_c-bucsa.jpg,2026-02-01 15:47:17
,12100185,2026-02-02,08:00,A. Krueger,196,S. Bejlek,9393,-,-,,,1,Wta Singles,WTA Abu Dhabi,3872,,2026,0,,https://api.api-tennis.com/logo-tennis/196_a-krueger.jpg,https://api.api-tennis.com/logo-tennis/9393_s-bejlek.jpg,2026-02-01 15:47:17
,12100186,2026-02-02,09:30,D. Kasatkina,1990,S. Waltert,493,-,-,,,1,Wta Singles,WTA Abu Dhabi,3872,,2026,0,,https://api.api-tennis.com/logo-tennis/1990_d-kasatkina.jpg,https://api.api-tennis.com/logo-tennis/493_s-waltert.jpg,2026-02-01 15:47:17
,12100187,2026-02-02,14:00,O. Selekhmeteva,478,J. Ostapenko,2802,-,-,,,1,Wta Singles,WTA Abu Dhabi,3872,,2026,0,,https://api.api-tennis.com/logo-tennis/478_o-selekhmeteva.jpg,https://api.api-tennis.com/logo-tennis/2802_j-ostapenko.jpg,2026-02-01 15:47:17
,12100188,2026-02-02,10:00,L. Angelini,15916,D. Poljak,895,-,-,,,1,Challenger Men - Singles," Cesenatico (Italy) - Qualification, Hard (Indoor)",0,,,0,,https://api.api-tennis.com/logo-tennis/15916_l-angelini.jpg,https://api.api-tennis.com/logo-tennis/895_d-poljak.jpg,2026-02-01 15:47:17
,12100189,2026-02-02,10:00,M. Donald,1322,S. Slump,38041,-,-,,,1,Challenger Men Singles,Koblenz,2701,,2025,0,,https://api.api-tennis.com/logo-tennis/1322_m-donald.jpg,https://api.api-tennis.com/logo-tennis/38041_s-slump.jpg,2026-02-01 15:47:17
,12100190,2026-02-02,10:00,B. Gadamauri,12832,A. Deckers,10019,-,-,,,1,Challenger Men Singles,Koblenz,2701,,2025,0,,https://api.api-tennis.com/logo-tennis/12832_b-gadamauri.jpg,https://api.api-tennis.com/logo-tennis/10019_a-deckers.jpg,2026-02-01 15:47:17
,12100191,2026-02-02,10:30,L. Sun,1815,M. Matsuda,1423,-,-,,,1,Challenger Women Singles,Mumbai,2797,,2026,0,,https://api.api-tennis.com/logo-tennis/1815_l-sun.jpg,https://api.api-tennis.com/logo-tennis/1423_m-matsuda.jpg,2026-02-01 15:47:17
,12100192,2026-02-02,12:30,N. Fossa Huergo,15246,M. Kuramochi,1052,-,-,,,1,Challenger Women Singles,Mumbai,2797,,2026,0,,https://api.api-tennis.com/logo-tennis/15246_n-fossa.jpg,https://api.api-tennis.com/logo-tennis/1052_m-kuramochi.jpg,2026-02-01 15:47:17
,12100197,2026-02-02,10:00,E. Dalla Valle,5675,K. Rahmani,73847,-,-,,,1,Challenger Men - Singles," Cesenatico (Italy) - Qualification, Hard (Indoor)",0,,,0,,https://api.api-tennis.com/logo-tennis/5675_e-dalla-valle.jpg,https://api.api-tennis.com/logo-tennis/73847_k-rahmani.jpg,2026-02-01 15:47:17
